{
  "length": 4.2,
  "stress": 0.9682416731216112,
  "weight": 11.407999999999998,
  "segments": 3,
  "feasible": true,
  "cost": 12.042120836560803
}